X,Y,statename,store_idx
-45.034454,-24.552702,Hessen,1
-35.684532,-1.6761024,Thueringen,2
7.0246444,25.50497,Nordrhein Westfalen,3
77.71077,-28.505589,Berlin,4
-68.08976,31.685863,Sachsen,5
-21.922522,3.989685,Sachsen,6
65.12113,-22.192738,Schleswig Holstein,7
-38.632126,66.16094,Schleswig Holstein,8
-12.546098,-29.281055,Nordrhein Westfalen,9
-51.43858,-19.941755,Niedersachsen/Bremen,10
40.279392,55.888954,Schleswig Holstein,11
20.719831,30.414343,Schleswig Holstein,12
-60.033016,-31.699867,Bayern,13
-14.527797,42.370316,Nordrhein Westfalen,14
7.974425,20.511671,Schleswig Holstein,15
22.171719,-18.233631,Baden Wuerttemberg,16
9.4069805,46.06715,Thueringen,17
2.7105026,13.223158,Thueringen,18
-16.01862,31.771753,Nordrhein Westfalen,19
54.087498,66.32375,Bayern,20
-20.525133,-42.172348,Baden Wuerttemberg,21
-85.664185,-45.08632,Bayern,22
-48.814087,-1.2905157,Rheinland Pfalz,23
48.96215,51.84436,Nordrhein Westfalen,24
73.92761,-7.926858,Nordrhein Westfalen,25
-5.9047914,-36.299072,Thueringen,26
54.50866,46.370056,Nordrhein Westfalen,27
-55.13246,4.0426016,Sachsen Anhalt,28
-13.206151,-29.29684,Nordrhein Westfalen,29
-31.680943,-56.456593,Nordrhein Westfalen,30
-46.719524,-12.889386,Schleswig Holstein,31
-84.96664,-39.357822,Bayern,32
72.11239,-44.554405,Nordrhein Westfalen,33
21.023632,-44.9813,Berlin,34
56.9835,46.811348,Nordrhein Westfalen,35
55.80524,53.48544,Bayern,36
48.156315,-65.243744,Sachsen Anhalt,37
-30.973822,-36.886673,Nordrhein Westfalen,38
-44.370583,22.631042,Nordrhein Westfalen,39
-32.14527,-58.21978,Nordrhein Westfalen,40
-62.021416,-13.847856,Bayern,41
71.24996,52.55324,Nordrhein Westfalen,42
0.009671796,45.04178,Nordrhein Westfalen,43
-53.039593,-0.27492586,Berlin,44
-39.66752,-18.894497,Rheinland Pfalz,45
-22.530466,-37.74624,Bayern,46
3.8909805,23.243336,Hamburg,47
-84.24143,19.468,Hamburg,48
12.469015,-50.505024,Baden Wuerttemberg,49
-61.296314,-1.7839743,Rheinland Pfalz,50
47.08073,8.620114,Bayern,51
17.734007,24.464046,Bayern,52
-68.5098,-3.6674,Schleswig Holstein,53
64.33854,32.450104,Sachsen Anhalt,54
-66.102646,6.0287695,Sachsen,55
42.94103,15.939607,Hessen,56
91.92147,-20.860903,Sachsen,57
-8.595464,-25.699902,Bayern,58
-27.017395,41.350697,Thueringen,59
-14.563143,71.09436,Sachsen,60
-49.194664,-49.825302,Baden Wuerttemberg,61
-14.066508,43.231075,Nordrhein Westfalen,62
37.769962,11.438228,Schleswig Holstein,63
71.32498,51.650818,Nordrhein Westfalen,64
-31.345884,-7.230006,Sachsen Anhalt,65
-0.82680833,-9.129679,Baden Wuerttemberg,66
37.351326,-37.362103,Baden Wuerttemberg,67
-19.722445,-58.473816,Schleswig Holstein,68
41.954144,65.18172,Hessen,69
-43.631847,-0.7421315,Niedersachsen/Bremen,70
54.035862,41.395782,Nordrhein Westfalen,71
-40.264587,44.76674,Bayern,72
-77.792175,33.029167,Schleswig Holstein,73
-13.572268,-21.918184,Nordrhein Westfalen,74
-32.971127,-11.305822,Schleswig Holstein,75
75.65405,-25.689842,Bayern,76
46.511707,39.07572,Hessen,77
-59.747032,-53.2736,Sachsen Anhalt,78
-53.404068,-0.7979266,Baden Wuerttemberg,79
24.742306,-65.538376,Rheinland Pfalz,80
46.65489,13.848885,Bayern,81
55.479416,58.338696,Nordrhein Westfalen,82
-76.88669,-2.6464524,Nordrhein Westfalen,83
85.43306,-1.9795334,Nordrhein Westfalen,84
10.737886,-13.58491,Berlin,85
-42.20747,-40.88744,Nordrhein Westfalen,86
-40.773983,69.17463,Berlin,87
-46.491993,65.68195,Sachsen Anhalt,88
3.2814593,12.049028,Bayern,89
74.29428,-26.59518,Nordrhein Westfalen,90
-40.728233,9.001732,Baden Wuerttemberg,91
-48.20369,-44.92539,Nordrhein Westfalen,92
1.1495621,39.49841,Nordrhein Westfalen,93
-42.196896,-0.34563774,Nordrhein Westfalen,94
24.932974,-23.573635,Sachsen,95
-36.407738,44.551403,Sachsen,96
-11.315338,11.863522,Sachsen,97
-50.46139,-48.729996,Nordrhein Westfalen,98
-20.842453,-18.808907,Bayern,99
27.783081,-61.05101,Bayern,100
23.358461,25.969229,Schleswig Holstein,101
40.651672,19.84192,Nordrhein Westfalen,102
-79.78884,9.205115,Berlin,103
79.485176,-45.172607,Berlin,104
-95.9718,-31.557854,Baden Wuerttemberg,105
67.803635,-35.362324,Berlin,106
10.987678,-64.330414,Niedersachsen/Bremen,107
81.671555,-35.62647,Bayern,108
-24.879654,-3.0396914,Schleswig Holstein,109
-81.36538,17.306055,Schleswig Holstein,110
3.481329,-28.448193,Hessen,111
1.2039702,-62.983837,Niedersachsen/Bremen,112
16.176868,-50.848137,Bayern,113
-39.109837,-66.5559,Thueringen,114
53.400574,31.040207,Bayern,115
22.675894,-55.108448,Berlin,116
-83.005394,26.938236,Nordrhein Westfalen,117
31.7201,-49.423073,Schleswig Holstein,118
-36.418636,3.5014727,Schleswig Holstein,119
14.959314,28.151567,Hessen,120
-39.518528,32.122665,Sachsen,121
11.546246,-56.28327,Schleswig Holstein,122
62.93134,-24.724483,Sachsen Anhalt,123
-72.08635,19.24432,Nordrhein Westfalen,124
74.33473,-7.791573,Berlin,125
14.507744,37.397785,Nordrhein Westfalen,126
-21.330032,-37.9546,Bayern,127
21.883463,14.130869,Hessen,128
64.95854,55.31524,Bayern,129
-30.34825,20.805296,Hessen,130
-39.360317,-12.267281,Nordrhein Westfalen,131
-13.332309,-11.409093,Bayern,132
16.60248,33.615852,Thueringen,133
-75.346886,20.597904,Berlin,134
-6.423995,-9.3485985,Hessen,135
-20.976011,-21.149418,Bayern,136
35.587685,44.834057,Bayern,137
-14.361485,70.44238,Sachsen,138
2.3409557,14.194634,Bayern,139
46.10422,33.68913,Hessen,140
-31.782532,9.3080015,Baden Wuerttemberg,141
-75.23027,18.782982,Nordrhein Westfalen,142
-16.907255,-25.778008,Rheinland Pfalz,143
27.832285,-23.109346,Bayern,144
35.414837,64.03608,Bayern,145
19.753078,29.099363,Nordrhein Westfalen,146
25.913042,-29.348692,Nordrhein Westfalen,147
72.51916,-31.290241,Berlin,148
1.8620305,33.00923,Bayern,149
25.098095,-46.88775,Schleswig Holstein,150
17.295174,-32.971115,Sachsen Anhalt,151
-49.701202,62.72267,Nordrhein Westfalen,152
7.4286304,26.517612,Nordrhein Westfalen,153
28.36632,-27.905933,Hessen,154
18.351,20.493471,Bayern,155
12.410657,46.8562,Thueringen,156
63.94994,-21.398031,Nordrhein Westfalen,157
73.48776,42.22209,Rheinland Pfalz,158
29.808516,-45.039562,Bayern,159
-39.012817,-9.090573,Hessen,160
21.125835,-56.087215,Nordrhein Westfalen,161
46.836502,40.572178,Hessen,162
17.58953,-52.450718,Berlin,163
3.4287312,26.011126,Bayern,164
-70.19231,-48.748043,Bayern,165
-27.487709,-56.126137,Nordrhein Westfalen,166
64.23282,-20.036156,Sachsen Anhalt,167
23.022251,-22.644672,Baden Wuerttemberg,168
27.810457,26.520689,Nordrhein Westfalen,169
-29.12745,6.7064,Nordrhein Westfalen,170
76.44826,-23.258446,Nordrhein Westfalen,171
25.296648,2.1184072,Bayern,172
51.1303,-36.624817,Berlin,173
-3.9552093,-6.7151766,Bayern,174
-32.404465,-33.06061,Hamburg,175
-66.65596,28.854046,Nordrhein Westfalen,176
-39.54868,38.70453,Sachsen Anhalt,177
67.64319,-28.310677,Sachsen,178
18.77224,-38.65131,Nordrhein Westfalen,179
14.941978,-55.59252,Hamburg,180
11.622935,46.10114,Bayern,181
-52.26763,-24.927069,Hessen,182
-71.6388,24.373165,Bayern,183
-26.80702,10.403684,Nordrhein Westfalen,184
-6.294059,-36.5884,Berlin,185
-60.68345,-53.771763,Bayern,186
-30.02568,10.472429,Schleswig Holstein,187
-58.505997,-34.885098,Rheinland Pfalz,188
65.82381,-31.894049,Rheinland Pfalz,189
46.747208,34.792286,Bayern,190
27.03679,3.3847404,Bayern,191
58.29547,41.77789,Bayern,192
-44.967705,7.292159,Baden Wuerttemberg,193
-47.955254,-69.97386,Baden Wuerttemberg,194
88.90894,-28.331547,Nordrhein Westfalen,195
-28.946709,20.594954,Thueringen,196
-29.183235,-6.902955,Hamburg,197
-44.19799,45.708107,Thueringen,198
47.137962,38.141792,Rheinland Pfalz,199
20.541912,-53.803436,Nordrhein Westfalen,200
-39.559128,-70.691696,Nordrhein Westfalen,201
-34.00421,-13.665539,Hessen,202
-35.322678,-3.5148654,Sachsen Anhalt,203
-0.9758141,1.720386,Bayern,204
-12.925262,-45.989883,Berlin,205
24.90333,16.83218,Nordrhein Westfalen,206
90.95568,-21.600342,Schleswig Holstein,207
-91.59303,-4.70901,Berlin,208
2.3381386,-0.84787995,Schleswig Holstein,209
-61.899326,-52.6795,Rheinland Pfalz,210
81.14446,-1.9568415,Berlin,211
-62.08594,16.079437,Schleswig Holstein,212
60.356262,46.8645,Nordrhein Westfalen,213
54.403595,33.95642,Nordrhein Westfalen,214
3.4380538,-36.05266,Bayern,215
12.866528,11.556064,Nordrhein Westfalen,216
-71.96334,-6.2150764,Hamburg,217
-27.953968,47.349056,Bayern,218
-83.02902,25.148129,Nordrhein Westfalen,219
-50.454094,9.122089,Nordrhein Westfalen,220
-65.81649,-8.525376,Schleswig Holstein,221
-66.92454,8.64714,Berlin,222
13.650977,27.746307,Thueringen,223
19.613,15.56078,Baden Wuerttemberg,224
-66.70932,-8.079706,Sachsen Anhalt,225
23.743807,-55.075314,Hessen,226
-11.732401,-5.3759565,Nordrhein Westfalen,227
73.65415,46.094864,Nordrhein Westfalen,228
46.15435,53.946144,Rheinland Pfalz,229
15.116576,-57.201588,Schleswig Holstein,230
-43.76413,-41.185444,Bayern,231
-65.82751,-53.1766,Sachsen Anhalt,232
70.34014,-40.407448,Hessen,233
89.67716,-21.744572,Nordrhein Westfalen,234
10.522334,43.521103,Hessen,235
-7.8024163,61.703674,Berlin,236
-76.61776,17.086794,Berlin,237
22.634216,24.765102,Nordrhein Westfalen,238
-63.88928,-7.93895,Nordrhein Westfalen,239
-75.212166,15.484248,Berlin,240
-30.347542,-9.37524,Nordrhein Westfalen,241
-48.510414,38.566742,Hessen,242
-6.900583,26.546606,Bayern,243
-21.956532,-36.826977,Nordrhein Westfalen,244
74.6666,-45.709732,Hessen,245
34.87257,-35.549286,Hamburg,246
44.06808,58.376335,Hessen,247
40.51128,55.41044,Schleswig Holstein,248
-70.5132,-6.4598446,Schleswig Holstein,249
63.18974,47.44057,Hessen,250
89.74276,4.381037,Nordrhein Westfalen,251
75.00052,58.688194,Nordrhein Westfalen,252
-49.170403,22.391026,Nordrhein Westfalen,253
-62.61893,-54.762836,Rheinland Pfalz,254
-3.2184741,-15.853472,Nordrhein Westfalen,255
46.813976,63.315475,Nordrhein Westfalen,256
-26.042149,14.206371,Berlin,257
-1.3009989,1.0453004,Bayern,258
73.61604,-38.679867,Hessen,259
3.0039341,-63.185013,Berlin,260
69.3139,59.55461,Thueringen,261
93.809204,2.8316572,Hamburg,262
-43.23799,-59.48095,Bayern,263
-12.85929,-46.02885,Berlin,264
-66.91114,29.29846,Rheinland Pfalz,265
-84.93879,-33.44065,Sachsen,266
59.806545,-60.694035,Schleswig Holstein,267
-57.56309,-3.67718,Niedersachsen/Bremen,268
85.197365,-21.332571,Nordrhein Westfalen,269
76.36026,-45.670975,Berlin,270
-12.106512,35.288235,Sachsen,271
10.719177,44.429104,Hessen,272
-14.462217,-29.315708,Nordrhein Westfalen,273
-43.799805,-70.42116,Hessen,274
33.565197,63.64846,Bayern,275
-86.58368,-36.695084,Sachsen,276
7.8289514,41.541443,Bayern,277
35.491283,-36.690304,Schleswig Holstein,278
62.874672,47.48557,Bayern,279
1.1239167,-10.361541,Baden Wuerttemberg,280
-46.217102,-12.149346,Schleswig Holstein,281
-65.859604,14.378069,Berlin,282
26.026451,24.862637,Bayern,283
-19.940437,-38.36962,Bayern,284
-37.254463,-36.731583,Hessen,285
-60.901287,11.816907,Thueringen,286
66.19821,29.373539,Bayern,287
-14.556853,-23.223795,Bayern,288
-37.683075,-15.941642,Hessen,289
-7.7168484,62.903366,Nordrhein Westfalen,290
25.59747,-15.543292,Sachsen,291
-41.0058,66.50912,Berlin,292
-36.66451,3.2825582,Berlin,293
-20.882225,34.793106,Hessen,294
-30.639439,-52.72524,Baden Wuerttemberg,295
27.861319,61.909424,Hessen,296
30.316643,-39.608444,Baden Wuerttemberg,297
55.07352,-30.555464,Bayern,298
-1.0464756,-77.708435,Schleswig Holstein,299
40.457333,9.199147,Hessen,300
-71.554596,-0.7648118,Schleswig Holstein,301
-61.3404,-54.067802,Hessen,302
14.287718,17.587345,Nordrhein Westfalen,303
15.051086,-34.55913,Niedersachsen/Bremen,304
-19.066874,-19.25909,Hessen,305
-39.61692,32.134388,Bayern,306
-86.76201,32.21814,Thueringen,307
46.50077,62.168713,Nordrhein Westfalen,308
-5.4805236,27.698715,Nordrhein Westfalen,309
6.839638,-2.1161225,Schleswig Holstein,310
17.321484,-30.998981,Hessen,311
-49.02056,-0.7689733,Hessen,312
33.12494,-42.528114,Thueringen,313
-29.509123,13.06127,Nordrhein Westfalen,314
-77.71166,8.294618,Schleswig Holstein,315
75.431854,-17.776573,Nordrhein Westfalen,316
-40.106937,-68.899086,Bayern,317
41.62649,-41.28047,Sachsen,318
40.702698,60.43369,Schleswig Holstein,319
81.66918,-3.9948256,Schleswig Holstein,320
-3.3358989,-30.065804,Sachsen,321
-37.74651,44.23946,Thueringen,322
41.84562,15.5807905,Rheinland Pfalz,323
-27.273771,45.42043,Sachsen Anhalt,324
8.709938,17.65651,Nordrhein Westfalen,325
-42.424717,-67.573685,Rheinland Pfalz,326
20.197384,-43.957832,Sachsen Anhalt,327
-69.68182,13.86857,Nordrhein Westfalen,328
2.385444,15.535745,Nordrhein Westfalen,329
-46.641502,-63.958385,Nordrhein Westfalen,330
-25.773252,12.032861,Rheinland Pfalz,331
-82.199234,26.483702,Sachsen Anhalt,332
61.94464,-21.28917,Hamburg,333
-22.177156,3.3129103,Nordrhein Westfalen,334
68.595085,60.44795,Nordrhein Westfalen,335
85.23577,-1.4787112,Hessen,336
-38.82765,-75.46875,Hessen,337
21.931181,0.021315616,Hessen,338
-28.961834,23.618877,Rheinland Pfalz,339
-44.335976,0.256221,Schleswig Holstein,340
-33.6014,-33.963074,Nordrhein Westfalen,341
75.927864,57.97845,Bayern,342
35.76493,16.514301,Nordrhein Westfalen,343
48.875,42.43404,Hamburg,344
-40.12288,29.863518,Bayern,345
-10.796623,9.597755,Nordrhein Westfalen,346
-44.81421,-69.249886,Baden Wuerttemberg,347
73.82038,47.140507,Bayern,348
20.600552,-46.02258,Berlin,349
3.9254465,-27.938606,Hessen,350
-3.8870049,-15.836672,Nordrhein Westfalen,351
-0.16782857,-9.340274,Schleswig Holstein,352
-12.019612,-2.401908,Baden Wuerttemberg,353
24.68982,-45.88346,Nordrhein Westfalen,354
65.022255,-30.134409,Schleswig Holstein,355
-5.3304844,-6.525957,Baden Wuerttemberg,356
25.158693,-49.62478,Sachsen,357
75.18319,-17.16367,Nordrhein Westfalen,358
-23.330225,-6.2491174,Rheinland Pfalz,359
33.18885,-39.333363,Berlin,360
-3.2085357,-30.130978,Sachsen Anhalt,361
64.48649,-41.36853,Hessen,362
12.833545,-55.704502,Berlin,363
-90.753136,-37.774734,Rheinland Pfalz,364
-57.859867,-36.13443,Bayern,365
-45.1328,66.88143,Sachsen Anhalt,366
-59.399563,-2.7170913,Schleswig Holstein,367
49.694416,43.323265,Baden Wuerttemberg,368
-32.9478,-26.16216,Hessen,369
43.5089,39.99592,Nordrhein Westfalen,370
39.30146,16.742071,Hessen,371
49.344246,52.648056,Nordrhein Westfalen,372
-47.711018,-69.197525,Baden Wuerttemberg,373
-15.20117,65.67051,Berlin,374
54.71592,61.29595,Sachsen Anhalt,375
70.68716,-19.510017,Berlin,376
42.28157,52.458134,Schleswig Holstein,377
-16.36589,-13.875711,Nordrhein Westfalen,378
-78.19707,1.6238776,Niedersachsen/Bremen,379
89.14681,54.99627,Nordrhein Westfalen,380
52.585953,64.49521,Sachsen Anhalt,381
28.589203,-44.780968,Sachsen Anhalt,382
90.68471,4.889108,Hessen,383
35.286095,47.575207,Thueringen,384
31.372082,-48.429398,Bayern,385
66.83962,51.44395,Nordrhein Westfalen,386
67.847206,54.564426,Nordrhein Westfalen,387
91.20907,-23.27968,Nordrhein Westfalen,388
65.92676,-13.567609,Hamburg,389
78.161705,-4.859037,Berlin,390
-23.05659,42.094627,Nordrhein Westfalen,391
21.02566,-22.220701,Nordrhein Westfalen,392
-38.577595,-10.3934355,Nordrhein Westfalen,393
26.693834,-30.763891,Hessen,394
-78.2575,8.5807905,Nordrhein Westfalen,395
83.55855,-20.166603,Sachsen Anhalt,396
-49.30683,-42.157722,Nordrhein Westfalen,397
-57.846672,-29.240192,Schleswig Holstein,398
-8.559464,-7.596967,Bayern,399
54.100746,45.96706,Thueringen,400
8.673332,47.18804,Sachsen,401
-22.364536,-56.186855,Sachsen Anhalt,402
21.768045,-16.887798,Nordrhein Westfalen,403
-22.459835,32.544147,Baden Wuerttemberg,404
-22.40548,-34.589874,Nordrhein Westfalen,405
-19.827808,-24.438393,Rheinland Pfalz,406
-58.560467,-53.38827,Bayern,407
-49.07602,-62.681248,Baden Wuerttemberg,408
-33.522057,0.8327159,Hessen,409
-0.10443473,20.58811,Nordrhein Westfalen,410
79.42636,-24.587118,Hessen,411
75.85996,44.683914,Bayern,412
-16.116396,66.035355,Bayern,413
-2.0321157,-9.380992,Hessen,414
-29.115366,-12.65529,Rheinland Pfalz,415
76.92076,-17.35627,Hamburg,416
27.029057,52.998787,Nordrhein Westfalen,417
-23.825415,41.80987,Nordrhein Westfalen,418
-37.878513,18.259941,Berlin,419
-49.398148,-68.605316,Bayern,420
58.751465,37.316353,Schleswig Holstein,421
-75.48023,-2.561808,Schleswig Holstein,422
76.04867,-37.689762,Berlin,423
20.886606,16.971054,Nordrhein Westfalen,424
-79.7945,0.021342814,Nordrhein Westfalen,425
-50.19114,9.075488,Nordrhein Westfalen,426
44.86802,37.973507,Bayern,427
-33.56123,-12.533846,Bayern,428
-62.80644,-40.84434,Bayern,429
55.690746,-30.75794,Bayern,430
70.537926,-39.312805,Nordrhein Westfalen,431
65.254425,-12.369127,Hamburg,432
3.2121844,-1.4763093,Schleswig Holstein,433
58.525856,36.487133,Bayern,434
-78.79613,-0.7470982,Nordrhein Westfalen,435
-69.64251,22.871992,Sachsen,436
-20.253235,-58.02048,Sachsen,437
-51.248753,-37.616837,Sachsen,438
29.321228,-47.977245,Berlin,439
-25.042961,38.051056,Baden Wuerttemberg,440
-35.03782,-34.03714,Nordrhein Westfalen,441
-50.126625,-63.45572,Baden Wuerttemberg,442
-47.105614,-10.181111,Sachsen,443
59.47138,-63.02609,Sachsen,444
89.13802,-30.812746,Nordrhein Westfalen,445
-30.724617,40.868702,Nordrhein Westfalen,446
-51.87696,-18.691334,Schleswig Holstein,447
-5.6193433,67.38236,Nordrhein Westfalen,448
65.95192,61.234066,Hessen,449
57.63459,39.169453,Baden Wuerttemberg,450
-5.6821823,-13.7429905,Hessen,451
-46.29577,43.71367,Schleswig Holstein,452
75.961815,-50.344795,Schleswig Holstein,453
-35.74728,73.777824,Sachsen Anhalt,454
21.60497,-65.45681,Baden Wuerttemberg,455
-42.02474,7.5268636,Nordrhein Westfalen,456
-50.355816,-43.824986,Bayern,457
25.654161,-66.35385,Hessen,458
55.71171,59.68105,Schleswig Holstein,459
-85.22126,30.379791,Sachsen Anhalt,460
-62.724483,-42.410015,Baden Wuerttemberg,461
-82.013725,18.20732,Sachsen Anhalt,462
-41.12971,65.141525,Nordrhein Westfalen,463
58.80159,-62.136616,Berlin,464
29.70117,-47.37869,Hessen,465
-6.9758916,69.16099,Nordrhein Westfalen,466
85.96999,-4.5129347,Nordrhein Westfalen,467
54.18589,-62.859863,Schleswig Holstein,468
60.408215,-57.695904,Berlin,469
89.92175,-27.500065,Nordrhein Westfalen,470
17.456232,20.91226,Bayern,471
-37.2486,18.231236,Hamburg,472
-78.747826,2.4940856,Nordrhein Westfalen,473
18.271711,29.5042,Thueringen,474
11.02599,-51.407288,Nordrhein Westfalen,475
-44.45541,67.84879,Sachsen,476
15.408593,17.964788,Bayern,477
-22.775394,60.507027,Berlin,478
86.15024,51.78009,Sachsen Anhalt,479
-77.29944,33.097054,Berlin,480
-41.528137,-49.158447,Hessen,481
55.38355,-62.230442,Sachsen Anhalt,482
-34.65855,44.109634,Sachsen Anhalt,483
48.132244,-65.25551,Schleswig Holstein,484
-46.06446,-69.0676,Bayern,485
-81.88379,-37.217793,Nordrhein Westfalen,486
36.31343,10.009493,Schleswig Holstein,487
-81.337585,-4.5265784,Schleswig Holstein,488
14.3707075,51.676018,Sachsen Anhalt,489
66.75127,28.59532,Bayern,490
11.967302,13.545128,Baden Wuerttemberg,491
41.01818,54.13709,Bayern,492
63.490707,45.52558,Nordrhein Westfalen,493
36.29286,-37.16084,Berlin,494
-52.099644,-36.85054,Baden Wuerttemberg,495
18.541348,-34.909393,Berlin,496
65.46754,-37.507805,Hessen,497
26.601902,3.095741,Bayern,498
-51.90775,-27.153963,Baden Wuerttemberg,499
-43.348576,-57.293762,Bayern,500
-48.4479,-6.2208486,Bayern,501
86.33328,52.077938,Hessen,502
1.3780651,-34.140884,Sachsen Anhalt,503
-24.624636,21.669054,Niedersachsen/Bremen,504
-51.893646,-30.707907,Baden Wuerttemberg,505
28.881433,53.86148,Nordrhein Westfalen,506
52.527466,35.782536,Nordrhein Westfalen,507
-42.425144,-31.997402,Nordrhein Westfalen,508
9.713466,43.24821,Hessen,509
23.730059,-15.555258,Nordrhein Westfalen,510
0.91461945,-62.95085,Niedersachsen/Bremen,511
-12.704224,-1.1268766,Bayern,512
93.040115,1.6655763,Berlin,513
-18.717157,32.68346,Bayern,514
75.631256,44.460114,Nordrhein Westfalen,515
-12.864359,-21.065628,Nordrhein Westfalen,516
-50.95078,1.590054,Hessen,517
-21.985655,-41.785458,Bayern,518
-62.413017,-40.71109,Schleswig Holstein,519
-86.639046,-42.58114,Schleswig Holstein,520
-31.003447,-17.496176,Rheinland Pfalz,521
48.272964,50.155174,Bayern,522
91.33364,5.5348783,Berlin,523
8.181949,-2.6776958,Schleswig Holstein,524
79.212715,-41.270866,Berlin,525
71.08776,53.960266,Thueringen,526
78.08339,-34.544624,Nordrhein Westfalen,527
69.79735,56.46162,Nordrhein Westfalen,528
36.22332,-42.820377,Schleswig Holstein,529
-0.062606305,-78.465866,Schleswig Holstein,530
-70.16216,-8.551136,Hamburg,531
79.371544,-36.7274,Nordrhein Westfalen,532
68.46058,-27.580732,Baden Wuerttemberg,533
35.335915,17.55381,Bayern,534
63.55621,-23.263948,Nordrhein Westfalen,535
32.27916,55.27213,Nordrhein Westfalen,536
-11.679124,-8.916923,Baden Wuerttemberg,537
-80.583755,27.327164,Schleswig Holstein,538
87.57337,55.550697,Bayern,539
-17.478905,-18.9209,Bayern,540
11.1715975,-47.2192,Nordrhein Westfalen,541
4.258878,10.804013,Bayern,542
-88.103905,30.534899,Hessen,543
89.48323,51.46715,Sachsen,544
53.975063,48.458355,Nordrhein Westfalen,545
92.490585,-4.3986745,Berlin,546
0.1552213,-0.026329309,Bayern,547
-57.166092,0.02795048,Hessen,548
-73.689064,-1.6240718,Hamburg,549
-36.24553,-35.915638,Hessen,550
-25.947565,21.088446,Schleswig Holstein,551
15.559199,54.139175,Hessen,552
47.51744,12.677134,Baden Wuerttemberg,553
-80.194664,10.486757,Hamburg,554
-58.781082,-39.39203,Bayern,555
17.477264,-41.458252,Berlin,556
-77.31613,-5.2800455,Nordrhein Westfalen,557
-91.59665,-4.652924,Hamburg,558
-33.560566,43.926205,Sachsen Anhalt,559
85.97181,-3.7122777,Berlin,560
-24.320679,14.268209,Nordrhein Westfalen,561
89.26274,5.73977,Niedersachsen/Bremen,562
-30.880384,-55.881416,Nordrhein Westfalen,563
-36.485405,-63.524834,Nordrhein Westfalen,564
-16.297306,-26.00735,Nordrhein Westfalen,565
-50.07096,-38.105694,Hamburg,566
-28.154902,40.53851,Nordrhein Westfalen,567
-42.91478,-68.3895,Hessen,568
-75.93767,21.123678,Berlin,569
-61.88707,16.263004,Nordrhein Westfalen,570
53.32453,33.110302,Bayern,571
8.343787,18.584196,Nordrhein Westfalen,572
-70.194565,-48.085785,Bayern,573
76.53668,-24.725199,Baden Wuerttemberg,574
-36.914974,46.757557,Bayern,575
18.758821,-37.70779,Berlin,576
-27.27406,7.6140924,Schleswig Holstein,577
76.62683,-50.076096,Schleswig Holstein,578
51.024944,-36.853603,Nordrhein Westfalen,579
58.206364,-19.754494,Schleswig Holstein,580
-49.01727,63.341343,Rheinland Pfalz,581
17.46418,-24.990555,Hessen,582
-70.84808,10.647831,Sachsen Anhalt,583
-46.880558,-67.16594,Hessen,584
-39.256035,18.623096,Schleswig Holstein,585
87.03719,-4.9354906,Nordrhein Westfalen,586
57.15207,40.835983,Bayern,587
-2.9939792,1.1886377,Schleswig Holstein,588
-95.97694,-31.550547,Hessen,589
-38.992573,-75.36533,Baden Wuerttemberg,590
-0.6558365,3.3062427,Baden Wuerttemberg,591
-69.963486,15.565993,Nordrhein Westfalen,592
60.539448,-20.757927,Schleswig Holstein,593
-80.27061,25.18753,Berlin,594
86.50791,0.75230795,Berlin,595
-87.72514,-11.662621,Berlin,596
-30.674437,-54.178864,Rheinland Pfalz,597
3.5157878,9.620388,Bayern,598
88.95252,-29.600777,Berlin,599
37.498173,12.066369,Schleswig Holstein,600
-45.288982,-67.12546,Hessen,601
8.173381,11.156081,Hessen,602
1.8007525,22.185184,Baden Wuerttemberg,603
27.378387,-28.931805,Bayern,604
35.341087,10.865322,Baden Wuerttemberg,605
-35.828182,5.1773896,Berlin,606
-43.956226,44.673664,Thueringen,607
54.535545,61.77037,Sachsen Anhalt,608
-72.91673,20.20874,Berlin,609
-69.97762,9.381934,Nordrhein Westfalen,610
4.893801,7.4149466,Bayern,611
34.34972,10.767816,Bayern,612
45.424927,32.65399,Thueringen,613
6.0382257,-50.05376,Sachsen,614
58.772476,-19.815802,Hessen,615
42.142063,60.301197,Nordrhein Westfalen,616
0.8577772,39.426945,Sachsen,617
-35.274338,-25.127594,Hessen,618
-40.47548,43.739857,Bayern,619
27.043827,25.430902,Bayern,620
-33.89068,-32.430637,Nordrhein Westfalen,621
-78.62639,4.1447444,Schleswig Holstein,622
2.638936,17.069319,Nordrhein Westfalen,623
-11.71029,66.92574,Nordrhein Westfalen,624
-0.79594123,20.150667,Nordrhein Westfalen,625
80.01648,-24.50199,Sachsen,626
-31.72617,-36.143055,Hessen,627
-45.71486,15.611646,Niedersachsen/Bremen,628
26.76498,-23.38139,Bayern,629
23.07257,-19.428371,Thueringen,630
-28.904716,21.890726,Schleswig Holstein,631
11.512709,-63.641033,Hamburg,632
46.407646,14.027988,Bayern,633
-34.819214,67.644005,Sachsen,634
-46.85965,65.221085,Sachsen Anhalt,635
-20.029266,-43.526173,Bayern,636
41.884705,64.49429,Bayern,637
-44.39121,-14.927423,Bayern,638
-61.023773,10.8488655,Nordrhein Westfalen,639
90.81945,-22.486076,Nordrhein Westfalen,640
12.101913,43.217136,Nordrhein Westfalen,641
-70.00083,-51.54219,Nordrhein Westfalen,642
43.936436,53.18382,Schleswig Holstein,643
50.005802,49.02392,Bayern,644
74.1918,59.355057,Baden Wuerttemberg,645
-69.98828,-7.5707397,Bayern,646
-54.66662,-4.9784236,Schleswig Holstein,647
-32.085808,-21.741468,Berlin,648
-84.84567,30.36701,Sachsen Anhalt,649
65.81278,26.5575,Bayern,650
25.625082,-61.34053,Nordrhein Westfalen,651
-4.6452427,-35.367794,Thueringen,652
-15.786422,40.224796,Nordrhein Westfalen,653
-41.906452,70.431595,Sachsen,654
48.370377,37.50096,Nordrhein Westfalen,655
-66.76334,-52.794567,Hessen,656
-13.202062,19.344137,Nordrhein Westfalen,657
-34.334713,35.77649,Nordrhein Westfalen,658
-35.083973,63.65715,Hessen,659
-38.5381,44.438637,Bayern,660
15.601898,-55.139256,Hessen,661
34.696835,-22.538233,Niedersachsen/Bremen,662
-19.932829,-15.788169,Baden Wuerttemberg,663
-66.50587,8.018414,Sachsen Anhalt,664
27.256784,62.213505,Hessen,665
0.64819294,-29.923536,Baden Wuerttemberg,666
70.00705,-18.480019,Schleswig Holstein,667
73.984085,-26.420553,Berlin,668
-34.543987,-79.00473,Bayern,669
11.129684,12.215918,Bayern,670
-10.692693,-5.0326643,Bayern,671
57.10873,-61.8051,Sachsen,672
23.270243,16.377043,Baden Wuerttemberg,673
31.747334,55.063976,Nordrhein Westfalen,674
-48.609653,43.646194,Nordrhein Westfalen,675
10.193274,-11.852012,Hessen,676
35.51892,43.18599,Bayern,677
23.47268,16.970848,Nordrhein Westfalen,678
74.586174,-32.123665,Berlin,679
-36.6839,-68.68826,Schleswig Holstein,680
-90.96236,-39.20187,Rheinland Pfalz,681
65.19067,-14.545973,Berlin,682
63.640816,-31.857286,Berlin,683
22.311836,13.151155,Bayern,684
26.411457,51.559753,Nordrhein Westfalen,685
-34.150223,66.50274,Sachsen,686
24.440044,-60.280987,Nordrhein Westfalen,687
-85.40913,-39.96577,Sachsen Anhalt,688
34.540726,-40.731503,Hessen,689
-48.511497,9.79804,Nordrhein Westfalen,690
47.33216,47.75658,Nordrhein Westfalen,691
16.54685,-23.15127,Nordrhein Westfalen,692
-19.362938,-44.614166,Hessen,693
65.10638,31.115795,Bayern,694
-38.26912,45.784676,Nordrhein Westfalen,695
23.575808,-22.97527,Hamburg,696
72.42411,51.99071,Nordrhein Westfalen,697
92.97134,-2.5067165,Berlin,698
76.573326,43.661594,Hessen,699
-90.895744,-37.33813,Hessen,700
-22.55627,-38.805714,Bayern,701
-44.636242,-41.05774,Bayern,702
-85.6324,28.299057,Nordrhein Westfalen,703
67.44382,-12.994424,Berlin,704
30.12925,54.516727,Nordrhein Westfalen,705
-7.187523,-8.235108,Bayern,706
-5.5016913,66.59737,Nordrhein Westfalen,707
-12.46415,-12.586928,Sachsen,708
9.481559,80.27577,Berlin,709
-51.656616,-44.359585,Bayern,710
8.420718,22.16915,Bayern,711
11.457084,20.15461,Bayern,712
75.57497,62.43154,Nordrhein Westfalen,713
-56.70395,-51.3007,Baden Wuerttemberg,714
-35.26658,73.56417,Sachsen Anhalt,715
-1.6576788,-18.164232,Bayern,716
-58.240627,-28.44032,Nordrhein Westfalen,717
20.299658,-16.480282,Hessen,718
2.854469,-17.371277,Bayern,719
40.43024,16.016823,Schleswig Holstein,720
44.335365,14.866408,Schleswig Holstein,721
64.38331,-39.61817,Niedersachsen/Bremen,722
40.374714,8.844776,Hessen,723
-4.1388626,1.6834952,Nordrhein Westfalen,724
-44.152164,-10.587153,Schleswig Holstein,725
71.06034,-15.281167,Sachsen,726
-69.38719,13.319775,Hessen,727
-40.23204,-70.401276,Baden Wuerttemberg,728
70.167076,-16.248901,Nordrhein Westfalen,729
62.207253,-39.392117,Berlin,730
68.46532,53.607407,Nordrhein Westfalen,731
-1.3564563,-77.72666,Schleswig Holstein,732
92.09143,-4.6101437,Nordrhein Westfalen,733
6.595648,41.101524,Nordrhein Westfalen,734
-52.698032,1.9135337,Sachsen Anhalt,735
-54.4506,-30.00275,Bayern,736
-13.1991415,19.341484,Nordrhein Westfalen,737
23.954592,-45.546482,Nordrhein Westfalen,738
56.19183,46.404594,Bayern,739
1.7341492,-36.986393,Hessen,740
18.575188,-41.090015,Niedersachsen/Bremen,741
19.687801,-34.666687,Nordrhein Westfalen,742
-48.17027,37.147167,Sachsen,743
65.80782,28.711334,Bayern,744
15.540668,52.951103,Sachsen,745
-18.837494,-24.43682,Hessen,746
25.254772,-48.282642,Sachsen Anhalt,747
-31.405704,-20.290657,Nordrhein Westfalen,748
-45.84888,68.55359,Rheinland Pfalz,749
-49.815826,-44.107746,Bayern,750
-51.86782,9.812153,Nordrhein Westfalen,751
-48.508636,22.301403,Nordrhein Westfalen,752
46.121513,60.341896,Nordrhein Westfalen,753
39.912285,57.354015,Thueringen,754
79.36258,-35.04211,Thueringen,755
78.06527,57.00386,Nordrhein Westfalen,756
-52.51639,-22.85407,Baden Wuerttemberg,757
-68.78901,14.712123,Baden Wuerttemberg,758
7.1933365,23.98296,Nordrhein Westfalen,759
4.557975,-63.273678,Berlin,760
72.53985,-25.42666,Berlin,761
-83.81855,-43.58118,Baden Wuerttemberg,762
-43.479874,-2.1018562,Schleswig Holstein,763
-87.2812,-39.55246,Rheinland Pfalz,764
46.264576,55.178215,Baden Wuerttemberg,765
-52.058487,-23.286348,Bayern,766
-64.81773,28.599152,Schleswig Holstein,767
79.90428,-4.2824426,Schleswig Holstein,768
74.51217,48.9832,Nordrhein Westfalen,769
-59.715622,9.359873,Nordrhein Westfalen,770
9.984872,-46.325058,Bayern,771
-73.72362,-5.949221,Hamburg,772
-21.4735,5.5220537,Hessen,773
-28.766485,19.767027,Schleswig Holstein,774
46.60721,50.474346,Bayern,775
-45.969032,34.857124,Nordrhein Westfalen,776
-58.068596,-51.552795,Baden Wuerttemberg,777
-41.72649,6.274276,Bayern,778
-12.676606,68.52195,Sachsen,779
-35.428295,66.55331,Sachsen,780
-50.676956,7.045301,Sachsen Anhalt,781
-4.008932,-1.8787583,Rheinland Pfalz,782
-23.968695,-5.326328,Thueringen,783
35.736866,43.762127,Nordrhein Westfalen,784
-8.328029,-25.530796,Nordrhein Westfalen,785
-38.387043,39.711952,Sachsen Anhalt,786
78.43019,-33.782555,Sachsen,787
93.436874,0.6119526,Berlin,788
-91.06364,18.225113,Baden Wuerttemberg,789
9.866764,-62.255,Hessen,790
32.407055,-50.57247,Nordrhein Westfalen,791
16.031261,53.218327,Nordrhein Westfalen,792
-59.667675,-0.7550142,Nordrhein Westfalen,793
-91.08214,18.214497,Sachsen,794
-60.65449,-32.836926,Nordrhein Westfalen,795
-15.176534,63.33597,Nordrhein Westfalen,796
-54.78084,-51.046326,Bayern,797
-12.384915,67.63062,Sachsen,798
71.436516,-42.5545,Nordrhein Westfalen,799
-48.233162,-13.440699,Rheinland Pfalz,800
-60.233837,-4.341439,Schleswig Holstein,801
1.7599847,-30.172247,Schleswig Holstein,802
15.861968,36.77327,Hessen,803
-38.064907,-68.39923,Bayern,804
16.748945,37.558353,Bayern,805
-6.950956,27.055927,Bayern,806
77.297005,-45.955845,Hessen,807
16.572784,21.77175,Sachsen,808
67.863106,-19.512371,Nordrhein Westfalen,809
-39.3108,-16.646606,Rheinland Pfalz,810
-87.340454,-11.128026,Schleswig Holstein,811
-42.933456,69.132225,Sachsen,812
-35.471916,6.324503,Baden Wuerttemberg,813
62.75114,-28.63849,Thueringen,814
36.114994,64.88341,Bayern,815
-27.646748,17.591896,Nordrhein Westfalen,816
94.967285,0.39460418,Berlin,817
-14.190072,29.978128,Hessen,818
-36.24408,-25.452375,Schleswig Holstein,819
77.00652,57.373676,Bayern,820
15.5404625,-34.21221,Berlin,821
45.79606,41.295876,Schleswig Holstein,822
-68.19659,-3.0720434,Schleswig Holstein,823
-15.261442,-12.943061,Schleswig Holstein,824
-49.06159,-61.59437,Bayern,825
65.49249,-30.914663,Nordrhein Westfalen,826
93.63142,-6.4514456,Berlin,827
-68.42284,27.28186,Sachsen Anhalt,828
-42.08462,8.055208,Hessen,829
-17.099562,33.245117,Sachsen,830
83.32474,-1.2620777,Nordrhein Westfalen,831
2.2298818,-29.851942,Hessen,832
-28.555595,8.405125,Rheinland Pfalz,833
-44.72699,14.854582,Berlin,834
-24.926348,-1.8476458,Nordrhein Westfalen,835
-42.234463,69.01485,Sachsen,836
-81.078354,8.3652935,Hessen,837
25.278803,27.7162,Thueringen,838
-79.36154,33.04019,Berlin,839
-16.101963,68.757706,Niedersachsen/Bremen,840
-85.70889,32.08802,Sachsen,841
93.10592,-0.46437067,Bayern,842
56.195873,-60.47704,Berlin,843
-40.31692,39.148346,Nordrhein Westfalen,844
-34.75265,-78.848755,Nordrhein Westfalen,845
50.84749,57.240353,Nordrhein Westfalen,846
16.954477,10.493762,Nordrhein Westfalen,847
7.813209,12.539885,Baden Wuerttemberg,848
26.586845,-29.58153,Niedersachsen/Bremen,849
-27.617537,-8.660895,Nordrhein Westfalen,850
2.4921975,-17.178633,Bayern,851
-43.59134,34.559555,Hessen,852
64.784515,-39.232033,Baden Wuerttemberg,853
-21.465923,-54.35631,Sachsen,854
-25.031553,41.496452,Baden Wuerttemberg,855
14.91484,-52.59605,Hamburg,856
54.239693,30.110897,Hessen,857
-37.618336,25.714695,Bayern,858
26.955452,-61.326805,Bayern,859
-50.380543,-23.212719,Hamburg,860
-90.35235,-40.383495,Rheinland Pfalz,861
42.59675,59.60273,Schleswig Holstein,862
8.059806,-2.6337354,Schleswig Holstein,863
-39.11884,37.38853,Baden Wuerttemberg,864
23.985943,-63.95858,Nordrhein Westfalen,865
16.283867,18.200815,Hessen,866
-86.89298,-10.590759,Schleswig Holstein,867
54.948746,53.664494,Hessen,868
-19.549847,29.697937,Sachsen,869
41.711636,-30.671726,Berlin,870
-37.15306,-35.15935,Hessen,871
65.25882,-33.93972,Nordrhein Westfalen,872
-84.4256,21.369976,Sachsen,873
-39.88387,-19.94985,Niedersachsen/Bremen,874
-48.774765,-2.9240096,Rheinland Pfalz,875
10.155517,80.220825,Sachsen Anhalt,876
-35.56624,-2.4726892,Schleswig Holstein,877
70.09959,-37.61227,Sachsen Anhalt,878
-85.0952,-43.381702,Bayern,879
21.29585,-17.29164,Baden Wuerttemberg,880
-43.99622,22.831823,Nordrhein Westfalen,881
29.124525,-60.657665,Nordrhein Westfalen,882
-72.16162,22.18112,Nordrhein Westfalen,883
-60.894936,-14.492315,Bayern,884
-20.382929,-16.947977,Nordrhein Westfalen,885
-10.852884,11.250209,Nordrhein Westfalen,886
16.434452,34.337383,Hessen,887
50.624966,33.791695,Schleswig Holstein,888
-70.50228,12.002373,Sachsen Anhalt,889
-27.328655,-24.526602,Bayern,890
17.401604,9.375153,Nordrhein Westfalen,891
-6.6885605,68.77512,Sachsen,892
9.449194,9.704269,Bayern,893
60.697803,-28.751678,Nordrhein Westfalen,894
78.369,-41.17633,Baden Wuerttemberg,895
5.6629252,-48.87123,Schleswig Holstein,896
-60.51648,-55.688393,Rheinland Pfalz,897
-34.26657,72.97334,Thueringen,898
-27.421606,46.26891,Sachsen,899
5.664508,9.775087,Bayern,900
17.411716,-24.34104,Schleswig Holstein,901
-37.824043,-64.905685,Bayern,902
81.31257,-40.38215,Bayern,903
-29.934464,-0.6618824,Bayern,904
61.289227,-39.494804,Nordrhein Westfalen,905
76.82638,-4.855718,Hessen,906
-45.13142,-16.593225,Nordrhein Westfalen,907
-45.98187,43.681618,Hessen,908
69.94009,57.17199,Bayern,909
-29.576881,9.480388,Sachsen Anhalt,910
67.5725,-32.107765,Schleswig Holstein,911
-44.681053,-23.667297,Schleswig Holstein,912
87.39933,-27.438725,Rheinland Pfalz,913
55.58928,66.01589,Schleswig Holstein,914
47.3727,8.683173,Bayern,915
-44.416718,-22.961573,Nordrhein Westfalen,916
-6.593318,60.892654,Nordrhein Westfalen,917
-71.32588,0.39621338,Sachsen,918
-26.467793,41.24431,Bayern,919
-9.397042,-4.234627,Bayern,920
68.59208,-11.473031,Sachsen,921
10.652122,-63.41441,Nordrhein Westfalen,922
-52.981953,-17.446463,Berlin,923
-37.602825,32.229374,Nordrhein Westfalen,924
51.84426,30.2582,Baden Wuerttemberg,925
36.4468,13.419915,Nordrhein Westfalen,926
-16.04717,-24.276443,Nordrhein Westfalen,927
47.86083,41.39151,Nordrhein Westfalen,928
-37.34697,15.280949,Schleswig Holstein,929
-32.28715,-26.992489,Nordrhein Westfalen,930
-2.8124838,-77.50573,Schleswig Holstein,931
33.966305,48.51676,Bayern,932
-13.695995,66.348526,Sachsen,933
4.245977,35.11431,Nordrhein Westfalen,934
-43.715454,14.749966,Schleswig Holstein,935
15.9878435,-52.10858,Nordrhein Westfalen,936
25.753807,23.453566,Hessen,937
75.295654,-18.88833,Niedersachsen/Bremen,938
-34.763985,-20.82257,Nordrhein Westfalen,939
-7.8800015,12.054677,Sachsen,940
-35.44165,1.2003938,Bayern,941
-30.34569,-19.968971,Hessen,942
-19.921642,-6.2882037,Nordrhein Westfalen,943
2.7158356,-48.53744,Niedersachsen/Bremen,944
-84.20083,21.073904,Schleswig Holstein,945
-66.2218,13.753872,Rheinland Pfalz,946
73.207664,41.384476,Baden Wuerttemberg,947
10.297504,-12.233367,Baden Wuerttemberg,948
-54.074123,3.083155,Berlin,949
-47.77681,-0.08867592,Baden Wuerttemberg,950
23.818504,25.852987,Nordrhein Westfalen,951
-28.459322,-13.393442,Bayern,952
-19.949627,33.54573,Thueringen,953
40.697342,20.24475,Nordrhein Westfalen,954
-65.5827,-10.18058,Nordrhein Westfalen,955
-84.98076,-34.48444,Nordrhein Westfalen,956
-11.662453,70.06687,Berlin,957
-78.10117,16.635605,Berlin,958
-22.716768,60.51516,Berlin,959
17.876844,15.60346,Hessen,960
-24.43688,-3.9955816,Nordrhein Westfalen,961
-17.815048,-27.02454,Nordrhein Westfalen,962
11.029415,80.14883,Sachsen,963
64.78399,55.775635,Baden Wuerttemberg,964
34.714935,-22.494598,Hessen,965
-76.03902,17.144184,Nordrhein Westfalen,966
42.247395,62.300858,Nordrhein Westfalen,967
-12.9480915,45.376408,Sachsen,968
-69.38895,-52.339535,Baden Wuerttemberg,969
-26.815598,48.357265,Hessen,970
54.66789,40.48795,Thueringen,971
-80.05239,3.2369294,Sachsen Anhalt,972
-13.486025,-10.592258,Nordrhein Westfalen,973
86.080475,53.89244,Bayern,974
18.413015,25.617994,Nordrhein Westfalen,975
-8.4353075,61.331364,Nordrhein Westfalen,976
-22.557045,-33.900505,Bayern,977
17.215279,-33.022625,Sachsen,978
1.1935887,-32.759583,Thueringen,979
32.049915,-40.89376,Nordrhein Westfalen,980
33.138428,-40.78402,Sachsen Anhalt,981
32.020874,-27.632446,Sachsen,982
75.6605,62.57912,Nordrhein Westfalen,983
-22.024538,-18.920446,Nordrhein Westfalen,984
48.0996,49.181007,Baden Wuerttemberg,985
21.085154,-0.21242799,Nordrhein Westfalen,986
-23.784359,61.011417,Berlin,987
-53.761654,-16.636114,Schleswig Holstein,988
-15.624453,40.498955,Bayern,989
-33.452347,-19.024324,Sachsen,990
-36.286533,-21.387928,Nordrhein Westfalen,991
-27.883375,14.502692,Nordrhein Westfalen,992
29.021523,62.262604,Sachsen,993
-48.361507,35.780594,Nordrhein Westfalen,994
74.15484,-31.996944,Sachsen,995
-16.320837,33.73571,Sachsen,996
-64.02914,-40.226227,Hessen,997
-33.602196,19.55782,Baden Wuerttemberg,998
47.962917,59.608475,Sachsen,999
66.18327,31.820265,Bayern,1000
-51.74517,-30.873371,Thueringen,1001
-32.631493,-35.083866,Berlin,1002
31.318224,63.232136,Nordrhein Westfalen,1003
-59.489765,-31.953543,Bayern,1004
-36.717613,-15.129339,Nordrhein Westfalen,1005
54.007286,28.0714,Sachsen Anhalt,1006
2.199663,-36.18665,Schleswig Holstein,1007
-59.267876,-2.2681081,Hamburg,1008
-37.958168,26.416615,Bayern,1009
54.472336,39.260803,Schleswig Holstein,1010
63.056458,30.544584,Nordrhein Westfalen,1011
-1.4025079,-15.641043,Bayern,1012
-83.51636,-36.85787,Nordrhein Westfalen,1013
58.50006,66.01062,Nordrhein Westfalen,1014
2.35232,33.124702,Rheinland Pfalz,1015
-51.02333,22.614855,Nordrhein Westfalen,1016
41.551136,-31.12034,Sachsen,1017
60.507454,-58.12373,Berlin,1018
64.2456,48.59524,Bayern,1019
71.65124,-45.4039,Hessen,1020
77.87136,-46.59687,Berlin,1021
-15.908742,-30.61162,Nordrhein Westfalen,1022
-22.70965,-56.320477,Sachsen,1023
-32.919743,-20.073553,Schleswig Holstein,1024
21.398142,-54.276226,Rheinland Pfalz,1025
50.47538,57.335194,Nordrhein Westfalen,1026
89.78184,51.629734,Bayern,1027
-61.058918,-28.349665,Nordrhein Westfalen,1028
-43.80219,71.285515,Sachsen Anhalt,1029
-86.423805,30.03251,Sachsen Anhalt,1030
-51.75718,6.2767467,Nordrhein Westfalen,1031
56.41351,66.041176,Sachsen Anhalt,1032
81.10088,-3.7386847,Berlin,1033
-35.728287,66.943436,Sachsen,1034
-67.83822,31.324596,Sachsen,1035
-46.335907,-71.53081,Nordrhein Westfalen,1036
5.6250606,-47.88996,Nordrhein Westfalen,1037
-39.70461,-16.801006,Bayern,1038
55.307507,29.928123,Nordrhein Westfalen,1039
48.131844,52.734676,Nordrhein Westfalen,1040
7.731313,7.5493226,Bayern,1041
-81.36566,-37.319332,Nordrhein Westfalen,1042
56.406746,-61.77529,Sachsen Anhalt,1043
17.255272,14.345645,Baden Wuerttemberg,1044
26.876629,-15.397601,Schleswig Holstein,1045
63.030495,-27.86037,Sachsen Anhalt,1046
-60.621468,-27.172144,Nordrhein Westfalen,1047
5.049783,24.139578,Schleswig Holstein,1048
-70.361336,-50.057255,Bayern,1049
15.935998,28.358503,Hessen,1050
27.24441,59.813766,Baden Wuerttemberg,1051
19.569778,28.660818,Nordrhein Westfalen,1052
84.834305,-21.13916,Niedersachsen/Bremen,1053
-0.69229066,39.26814,Schleswig Holstein,1054
37.004673,-43.556465,Berlin,1055
-41.48439,-50.241634,Bayern,1056
-43.20341,-14.965196,Schleswig Holstein,1057
5.4816437,35.032845,Nordrhein Westfalen,1058
72.61399,-29.203724,Hamburg,1059
21.040848,27.727072,Nordrhein Westfalen,1060
22.894505,-65.0335,Baden Wuerttemberg,1061
6.9294586,20.053358,Rheinland Pfalz,1062
-77.3356,-3.344685,Hamburg,1063
69.77918,-40.657127,Nordrhein Westfalen,1064
-87.81631,-38.392925,Bayern,1065
80.33042,-41.08407,Nordrhein Westfalen,1066
-46.511974,-11.138543,Bayern,1067
-47.444298,-64.59988,Baden Wuerttemberg,1068
-19.934399,28.513369,Thueringen,1069
12.327181,-49.3448,Niedersachsen/Bremen,1070
8.27239,10.173895,Schleswig Holstein,1071
-0.01485976,45.029892,Nordrhein Westfalen,1072
25.515966,28.918457,Nordrhein Westfalen,1073
-27.96734,-23.74261,Sachsen,1074
80.07552,-43.48072,Berlin,1075
-80.17047,-37.782,Nordrhein Westfalen,1076
-46.974506,35.469784,Nordrhein Westfalen,1077
-8.118701,27.843641,Baden Wuerttemberg,1078
67.605606,52.491325,Hessen,1079
73.32221,49.867897,Bayern,1080
-42.85672,72.02731,Berlin,1081
3.5005763,-48.525936,Sachsen,1082
-43.37185,-57.682247,Hessen,1083
-0.6791023,-14.489419,Hessen,1084
22.233376,-14.030402,Berlin,1085
26.096304,53.525063,Hessen,1086
-31.753149,-10.210527,Niedersachsen/Bremen,1087
-18.39018,34.45588,Nordrhein Westfalen,1088
80.00925,-34.657124,Nordrhein Westfalen,1089
-13.467564,34.7494,Sachsen,1090
32.169884,-27.576225,Schleswig Holstein,1091
87.33999,55.744125,Bayern,1092
54.097023,-30.24666,Sachsen,1093
-44.378548,-65.97488,Bayern,1094
-51.125595,-48.997265,Thueringen,1095
-24.681751,-1.0358398,Nordrhein Westfalen,1096
71.64516,-31.796955,Rheinland Pfalz,1097
-71.24417,23.053486,Sachsen,1098
50.78736,53.268856,Schleswig Holstein,1099
-51.52512,22.682901,Nordrhein Westfalen,1100
69.96288,-17.043509,Schleswig Holstein,1101
64.23159,28.103058,Bayern,1102
-47.0066,-45.76479,Hessen,1103
-28.933994,-22.266953,Bayern,1104
-58.306717,-49.800404,Nordrhein Westfalen,1105
-40.65371,33.29004,Schleswig Holstein,1106
-21.973795,-42.1777,Bayern,1107
-48.12828,64.13813,Sachsen,1108
-35.830795,30.98217,Bayern,1109
-68.46351,9.049897,Berlin,1110
-36.095757,32.213425,Nordrhein Westfalen,1111
75.72532,-4.1402664,Nordrhein Westfalen,1112
-19.894022,-6.3119826,Schleswig Holstein,1113
89.561646,3.6636639,Hamburg,1114
-42.422695,-31.955696,Hessen,1115
